City_ID,City,Country,Date,Lat,Lng,Max Temp,Humidity,Cloudiness,Wind Speed
0,Chala,TZ,2020-08-26 11:07:22,-7.58,31.27,76.17,37,34,5.39
1,Chokurdakh,RU,2020-08-26 11:07:22,70.63,147.92,40.23,85,98,5.19
2,Lata,PT,2020-08-26 11:07:22,40.16,-8.33,84.99,53,1,5.66
3,Victoria,HK,2020-08-26 11:07:22,22.29,114.16,86.0,78,1,11.01
4,Kavieng,PG,2020-08-26 11:07:23,-2.57,150.8,83.19,74,85,6.69
5,Hami,CN,2020-08-26 11:07:23,42.8,93.45,84.72,19,69,22.62
6,Valtierrilla,MX,2020-08-26 11:07:23,20.53,-101.13,60.8,87,40,3.94
7,Cabo San Lucas,MX,2020-08-26 11:05:33,22.89,-109.91,81.0,78,19,9.35
8,Jamestown,US,2020-08-26 11:03:21,42.1,-79.24,60.8,87,1,3.36
9,Ribeira Grande,PT,2020-08-26 11:07:23,38.52,-28.7,77.0,88,40,9.17
10,Yellowknife,CA,2020-08-26 11:07:23,62.46,-114.35,53.6,100,90,5.82
11,Dikson,RU,2020-08-26 11:07:23,73.51,80.55,45.95,98,98,8.34
12,Pasighat,IN,2020-08-26 11:06:57,28.07,95.33,90.61,60,3,1.41
13,Namatanai,PG,2020-08-26 11:07:24,-3.67,152.43,80.29,83,68,8.52
14,Saint-Philippe,RE,2020-08-26 11:07:24,-21.36,55.77,77.0,61,90,6.93
15,Farah,AF,2020-08-26 11:07:24,32.5,62.5,97.09,11,0,13.76
16,Pevek,RU,2020-08-26 11:07:24,69.7,170.31,34.21,97,100,14.09
17,Georgetown,MY,2020-08-26 11:02:54,5.41,100.34,89.6,62,40,12.75
18,Clyde River,CA,2020-08-26 11:05:11,70.47,-68.59,44.67,60,0,3.04
19,New Norfolk,AU,2020-08-26 11:07:24,-42.78,147.06,48.99,80,100,2.89
20,Lebu,CL,2020-08-26 11:07:24,-37.62,-73.65,50.32,87,99,18.25
21,Qaqortoq,GL,2020-08-26 11:07:25,60.72,-46.03,42.8,81,75,2.24
22,Pambujan,PH,2020-08-26 11:07:25,12.56,124.93,81.25,83,84,6.82
23,Rikitea,PF,2020-08-26 11:07:25,-23.12,-134.97,69.01,66,100,8.52
24,Ginda,IN,2020-08-26 11:07:25,30.69,78.49,87.8,74,75,5.82
25,Ushuaia,AR,2020-08-26 11:07:25,-54.8,-68.3,39.2,51,75,5.82
26,Arenapolis,BR,2020-08-26 11:07:25,-14.45,-56.85,78.06,51,0,3.56
27,Road Town,VG,2020-08-26 11:07:25,18.42,-64.62,82.99,86,8,11.01
28,Kousseri,CM,2020-08-26 11:07:25,12.08,15.03,86.0,66,40,5.82
29,Vilyuysk,RU,2020-08-26 11:07:26,63.76,121.62,50.9,47,1,2.86
30,Lamu,KE,2020-08-26 11:07:26,-2.27,40.9,80.6,73,15,11.97
31,Catalao,BR,2020-08-26 11:07:26,-18.17,-47.95,59.88,49,66,10.11
32,Albany,US,2020-08-26 11:05:02,42.6,-73.97,57.0,64,2,5.99
33,Maun,BW,2020-08-26 11:07:27,-19.98,23.42,87.8,18,0,9.17
34,Busselton,AU,2020-08-26 11:07:27,-33.65,115.33,59.0,64,99,5.86
35,Kapaa,US,2020-08-26 11:07:27,22.08,-159.32,73.0,100,40,9.17
36,Mbekenyera,TZ,2020-08-26 11:07:27,-10.0,38.98,94.53,24,67,4.29
37,Kaitangata,NZ,2020-08-26 11:07:27,-46.28,169.85,44.01,69,99,4.0
38,Hervey Bay,AU,2020-08-26 11:05:53,-25.3,152.85,63.0,67,0,9.17
39,Mahebourg,MU,2020-08-26 11:07:28,-20.41,57.7,77.0,53,20,12.75
40,Monte Alegre,BR,2020-08-26 11:07:28,-2.01,-54.07,78.13,70,0,4.81
41,Thinadhoo,MV,2020-08-26 11:07:28,0.53,72.93,83.68,71,100,10.4
42,Bluff,NZ,2020-08-26 11:07:28,-46.6,168.33,45.0,72,87,11.01
43,Mataura,NZ,2020-08-26 11:07:29,-46.19,168.86,45.0,72,98,11.01
44,Atuona,PF,2020-08-26 11:07:29,-9.8,-139.03,77.65,79,35,18.03
45,Punta Arenas,CL,2020-08-26 11:05:04,-53.15,-70.92,30.2,68,93,12.75
46,Cedral,MX,2020-08-26 11:07:29,23.8,-100.73,64.35,77,15,2.53
47,Port Keats,AU,2020-08-26 11:07:29,-14.25,129.55,79.81,21,38,7.0
48,Nova Olinda Do Norte,BR,2020-08-26 11:07:29,-3.89,-59.09,77.32,70,15,0.16
49,Mount Gambier,AU,2020-08-26 11:07:29,-37.83,140.77,50.0,81,75,8.05
50,Batemans Bay,AU,2020-08-26 11:07:25,-35.72,150.18,43.0,92,16,2.68
51,Nikolskoye,RU,2020-08-26 11:07:30,59.7,30.79,62.6,63,75,13.42
52,Praia Da Vitoria,PT,2020-08-26 11:07:30,38.73,-27.07,73.4,94,75,18.61
53,Nanortalik,GL,2020-08-26 11:07:30,60.14,-45.24,45.95,79,0,3.98
54,Ergani,TR,2020-08-26 11:07:30,38.27,39.76,96.8,13,0,6.93
55,Kudahuvadhoo,MV,2020-08-26 11:07:30,2.67,72.89,83.98,72,96,12.41
56,Wajir,KE,2020-08-26 11:07:31,1.75,40.06,89.92,38,65,17.87
57,Lagoa,PT,2020-08-26 11:07:31,39.05,-27.98,74.61,87,65,14.03
58,Nalut,LY,2020-08-26 11:07:31,30.33,10.85,93.34,16,0,11.12
59,Pahrump,US,2020-08-26 11:07:31,36.21,-115.98,84.0,22,0,1.99
60,Idappadi,IN,2020-08-26 11:07:31,11.58,77.85,91.4,49,100,0.87
61,Rawson,AR,2020-08-26 11:07:31,-43.3,-65.1,45.7,91,100,8.32
62,Nyurba,RU,2020-08-26 11:07:32,63.28,118.33,52.03,50,0,3.24
63,Vaini,TO,2020-08-26 11:07:32,-21.2,-175.2,66.2,93,19,4.12
64,Riyadh,SA,2020-08-26 11:07:32,24.69,46.72,104.0,14,23,8.05
65,Souillac,MU,2020-08-26 11:07:32,-20.52,57.52,77.0,53,20,12.75
66,Atbasar,KZ,2020-08-26 11:07:32,51.8,68.33,74.55,51,44,15.68
67,Bathsheba,BB,2020-08-26 11:07:32,13.22,-59.52,80.6,78,40,11.41
68,Saskylakh,RU,2020-08-26 11:07:32,71.92,114.08,64.15,49,62,5.03
69,Tilichiki,RU,2020-08-26 11:07:33,60.47,166.1,43.12,75,53,2.13
70,Talakan,RU,2020-08-26 11:07:33,50.32,130.37,62.2,85,31,2.66
71,Cidreira,BR,2020-08-26 11:07:33,-30.18,-50.21,60.49,82,0,14.76
72,Port Shepstone,ZA,2020-08-26 11:04:41,-30.74,30.45,66.29,62,98,29.53
73,Arraial Do Cabo,BR,2020-08-26 11:07:33,-22.97,-42.03,64.4,93,75,11.41
74,Hobart,AU,2020-08-26 11:05:29,-42.88,147.33,50.0,57,75,4.7
75,Pozo Colorado,PY,2020-08-26 11:07:33,-23.49,-58.8,70.83,61,0,7.81
76,Kolpashevo,RU,2020-08-26 11:07:33,58.31,82.91,61.93,77,90,6.87
77,Sola,VU,2020-08-26 11:07:34,-13.88,167.55,80.65,81,99,21.27
78,Torbay,CA,2020-08-26 11:07:34,47.67,-52.73,62.01,93,90,27.51
79,Carnarvon,AU,2020-08-26 11:07:34,-24.87,113.63,69.8,60,86,13.87
80,Saint George,US,2020-08-26 11:04:10,37.1,-113.58,81.0,39,1,6.93
81,Sitka,US,2020-08-26 11:07:34,57.05,-135.33,55.4,93,90,8.05
82,Concepcion,CL,2020-08-26 11:07:34,-36.83,-73.05,51.8,87,100,14.99
83,Ambilobe,MG,2020-08-26 11:07:35,-13.2,49.05,89.74,38,53,5.41
84,Siocon,PH,2020-08-26 11:07:35,7.71,122.14,80.87,80,99,3.33
85,Portland,US,2020-08-26 11:07:35,45.52,-122.68,59.0,77,0,2.84
86,Soltsy,RU,2020-08-26 11:07:35,58.12,30.32,65.19,51,35,9.48
87,Qaanaaq,GL,2020-08-26 11:07:35,77.48,-69.36,37.35,88,100,11.43
88,Kodiak,US,2020-08-26 11:07:35,57.79,-152.41,48.2,70,40,8.05
89,Shubarshi,KZ,2020-08-26 11:07:35,48.59,57.19,85.57,20,0,8.81
90,Komsomolskiy,UZ,2020-08-26 11:07:36,40.43,71.72,75.2,41,73,16.11
91,Tasiilaq,GL,2020-08-26 11:07:36,65.61,-37.64,39.2,86,5,5.82
92,Bambanglipuro,ID,2020-08-26 11:03:00,-7.95,110.28,77.29,73,92,16.04
93,Abu Samrah,SY,2020-08-26 11:07:36,35.3,37.18,98.01,13,0,6.89
94,Port Alfred,ZA,2020-08-26 11:07:36,-33.59,26.89,62.37,48,37,10.18
95,Flinders,AU,2020-08-26 11:07:36,-34.58,150.86,50.0,73,0,1.01
96,Canutama,BR,2020-08-26 11:07:37,-6.53,-64.38,72.84,62,42,2.24
97,Katsuura,JP,2020-08-26 11:04:05,35.13,140.3,84.0,80,0,7.25
98,Olafsvik,IS,2020-08-26 11:07:37,64.89,-23.71,48.72,76,100,5.19
99,Ponta Do Sol,PT,2020-08-26 11:07:37,32.67,-17.1,84.2,51,20,16.11
100,Shunyi,CN,2020-08-26 11:05:49,40.12,116.65,87.01,74,96,6.71
101,Castro,BR,2020-08-26 11:07:37,-24.79,-50.01,46.29,88,16,5.03
102,Bethel,US,2020-08-26 11:07:37,41.37,-73.41,61.0,67,1,6.51
103,Limbang,MY,2020-08-26 11:07:38,4.75,115.0,84.2,79,75,5.82
104,Muros,ES,2020-08-26 11:07:38,42.78,-9.06,72.0,86,16,5.99
105,Podivin,CZ,2020-08-26 11:07:38,48.83,16.85,86.0,47,77,18.41
106,Provideniya,RU,2020-08-26 11:07:38,64.38,-173.3,48.78,85,82,2.33
107,San Vicente,AR,2020-08-26 11:07:38,-26.62,-54.13,61.45,66,0,3.24
108,Barra Dos Coqueiros,BR,2020-08-26 11:07:39,-10.91,-37.04,75.2,73,40,3.36
109,Chuy,UY,2020-08-26 11:07:39,-33.7,-53.46,59.47,89,100,5.75
110,Tocopilla,CL,2020-08-26 11:07:39,-22.09,-70.2,59.9,68,0,7.54
111,Longyearbyen,SJ,2020-08-26 11:05:48,78.22,15.64,39.2,77,75,5.82
112,Mar Del Plata,AR,2020-08-26 11:06:35,-38.0,-57.56,52.0,100,90,6.93
113,Severo-Kurilsk,RU,2020-08-26 11:04:06,50.68,156.12,55.6,94,100,2.93
114,Puerto Ayora,EC,2020-08-26 11:07:39,-0.74,-90.35,64.0,97,74,3.0
115,Witu,KE,2020-08-26 11:07:39,-2.39,40.44,83.79,63,28,14.09
116,San Cristobal,VE,2020-08-26 11:04:41,7.77,-72.22,64.42,85,88,2.59
117,Asilah,MA,2020-08-26 11:07:40,35.47,-6.03,87.8,52,32,8.05
118,Isla Mujeres,MX,2020-08-26 11:07:40,21.23,-86.73,82.0,100,75,5.82
119,Kalemie,CD,2020-08-26 11:07:40,-5.95,29.19,84.04,41,11,8.21
120,Avarua,CK,2020-08-26 11:07:40,-21.21,-159.78,71.6,73,53,3.36
121,Okato,NZ,2020-08-26 11:07:40,-39.2,173.88,46.0,83,69,13.0
122,Khatanga,RU,2020-08-26 11:07:41,71.97,102.5,70.83,49,20,2.3
123,Hithadhoo,MV,2020-08-26 11:04:18,-0.6,73.08,80.42,77,100,8.23
124,Lompoc,US,2020-08-26 11:02:48,34.64,-120.46,60.8,93,90,3.36
125,Samarai,PG,2020-08-26 11:07:41,-10.62,150.67,78.03,86,79,18.59
126,Noumea,NC,2020-08-26 11:07:41,-22.28,166.46,64.4,72,20,5.82
127,Le Port,RE,2020-08-26 11:07:42,-20.94,55.29,78.8,54,41,25.28
128,Bengkulu,ID,2020-08-26 11:07:42,-3.8,102.27,82.33,77,9,13.73
129,Te Anau,NZ,2020-08-26 11:07:42,-45.42,167.72,38.8,86,81,2.91
130,Bara,NG,2020-08-26 11:07:42,10.37,10.73,82.81,66,96,5.55
131,Port Lincoln,AU,2020-08-26 11:07:42,-34.73,135.87,56.73,70,0,5.68
132,Wenling,CN,2020-08-26 11:07:42,28.37,121.36,86.0,86,65,10.58
133,Buraydah,SA,2020-08-26 11:04:11,26.33,43.98,105.8,20,0,11.41
134,Musoma,TZ,2020-08-26 11:07:42,-1.5,33.8,79.81,48,25,9.78
135,Narasannapeta,IN,2020-08-26 11:07:43,18.42,84.05,80.22,82,100,5.32
136,Krasnyy Chikoy,RU,2020-08-26 11:07:43,50.36,108.75,65.34,65,74,4.47
137,Aliwal North,ZA,2020-08-26 11:07:43,-30.69,26.71,64.42,34,95,9.73
138,Tiksi,RU,2020-08-26 11:07:43,71.69,128.87,40.14,80,30,3.58
139,Aljezur,PT,2020-08-26 11:07:43,37.32,-8.8,80.01,63,19,3.0
140,Hermanus,ZA,2020-08-26 11:07:43,-34.42,19.23,62.01,56,33,7.0
141,Manokwari,ID,2020-08-26 11:07:44,-0.87,134.08,81.07,76,2,5.79
142,Bredasdorp,ZA,2020-08-26 11:07:44,-34.53,20.04,62.6,51,75,11.41
143,Cayenne,GF,2020-08-26 11:07:44,4.93,-52.33,75.2,100,0,3.02
144,Shimoda,JP,2020-08-26 11:07:44,34.67,138.95,75.99,94,0,1.01
145,Butaritari,KI,2020-08-26 11:07:44,3.07,172.79,82.04,68,32,2.57
146,Karratha,AU,2020-08-26 11:07:44,-20.74,116.85,79.61,36,0,9.33
147,Yerbogachen,RU,2020-08-26 11:07:45,61.28,108.01,58.48,53,0,6.13
148,Holovyne,UA,2020-08-26 11:04:51,50.47,28.83,71.55,48,5,8.88
149,Korla,CN,2020-08-26 11:07:45,41.76,86.15,94.8,15,16,17.0
150,Vidim,RU,2020-08-26 11:07:45,56.41,103.11,68.05,59,83,4.56
151,Riacho De Santana,BR,2020-08-26 11:07:45,-13.61,-42.94,69.89,45,98,7.31
152,Lawrenceburg,US,2020-08-26 11:03:07,38.04,-84.9,71.6,88,1,3.22
153,Cape Town,ZA,2020-08-26 11:07:45,-33.93,18.42,68.0,45,0,8.05
154,Papara,BR,2020-08-26 11:07:46,-3.98,-38.73,80.01,74,20,11.41
155,Leningradskiy,RU,2020-08-26 11:03:10,69.38,178.42,36.28,93,99,7.38
156,Kribi,CM,2020-08-26 11:07:46,2.95,9.92,80.1,79,100,6.96
157,Barrow,US,2020-08-26 11:07:46,71.29,-156.79,39.2,93,90,12.75
158,Hambantota,LK,2020-08-26 11:04:28,6.12,81.12,89.6,70,20,12.75
159,San Gabriel,US,2020-08-26 11:07:47,34.1,-118.11,69.8,83,20,1.83
160,Coihaique,CL,2020-08-26 11:07:47,-45.58,-72.07,33.8,85,75,2.86
161,Marawi,PH,2020-08-26 11:07:47,8.0,124.29,84.0,84,100,1.99
162,Vyartsilya,RU,2020-08-26 11:07:47,62.18,30.69,64.74,50,0,10.13
163,Pisco,PE,2020-08-26 11:07:47,-13.7,-76.22,59.0,87,40,8.05
164,Hofn,IS,2020-08-26 11:07:47,64.25,-15.21,53.6,81,40,5.82
165,Rupnagar,IN,2020-08-26 11:07:47,30.97,76.53,91.78,59,86,4.12
166,Zyryanka,RU,2020-08-26 11:07:48,65.75,150.85,43.32,89,100,11.61
167,Newton,US,2020-08-26 11:05:30,42.34,-71.21,62.01,67,0,10.29
168,Havre,FR,2020-08-26 11:07:48,49.58,0.33,64.4,72,90,20.8
169,Mount Isa,AU,2020-08-26 11:07:48,-20.73,139.5,73.4,17,3,9.17
170,Negombo,LK,2020-08-26 11:07:48,7.21,79.84,86.0,74,40,10.29
171,La Ronge,CA,2020-08-26 11:07:49,55.1,-105.28,41.0,100,40,2.24
172,Nelson Bay,AU,2020-08-26 11:07:49,-32.72,152.15,48.0,81,0,4.7
173,Srednekolymsk,RU,2020-08-26 11:07:49,67.45,153.68,42.19,82,42,10.04
174,Norman Wells,CA,2020-08-26 11:07:49,65.28,-126.83,48.2,93,75,2.24
175,Nara,JP,2020-08-26 11:07:49,34.69,135.8,89.6,62,75,9.17
176,Lashio,MM,2020-08-26 11:04:44,22.93,97.75,77.99,80,40,2.95
177,Itarema,BR,2020-08-26 11:07:49,-2.92,-39.92,80.83,66,73,15.64
178,Elizabeth City,US,2020-08-26 11:05:28,36.29,-76.25,73.99,90,22,5.88
179,Prescott,US,2020-08-26 11:04:23,34.54,-112.47,81.0,59,1,4.7
180,Upernavik,GL,2020-08-26 11:03:01,72.79,-56.15,42.89,85,100,2.17
181,Itamaraca,BR,2020-08-26 11:07:50,-7.75,-34.83,77.0,83,40,8.05
182,Pinhao,BR,2020-08-26 11:03:47,-25.7,-51.66,48.79,74,3,5.03
183,Vestmanna,FO,2020-08-26 11:07:50,62.16,-7.17,48.2,76,85,10.29
184,Murwillumbah,AU,2020-08-26 11:07:50,-28.32,153.4,57.99,76,11,4.7
185,Puerto Del Rosario,ES,2020-08-26 11:07:50,28.5,-13.86,84.2,62,36,6.93
186,Sisimiut,GL,2020-08-26 11:07:50,66.94,-53.67,49.08,69,11,2.95
187,San Patricio,MX,2020-08-26 11:07:51,19.22,-104.7,76.41,88,58,4.05
188,Carinhanha,BR,2020-08-26 11:07:51,-14.3,-43.77,67.8,48,98,5.84
189,Ilulissat,GL,2020-08-26 11:07:51,69.22,-51.1,37.4,93,75,2.24
190,Arlit,NE,2020-08-26 11:03:47,18.74,7.39,94.08,35,0,8.63
191,Port Elizabeth,ZA,2020-08-26 11:05:26,-33.92,25.57,62.6,51,20,9.17
192,Dzaoudzi,YT,2020-08-26 11:04:43,-12.79,45.27,82.4,65,40,4.7
193,Luau,AO,2020-08-26 11:04:07,-10.71,22.22,98.62,10,0,4.32
194,Airai,TL,2020-08-26 11:07:52,-8.93,125.41,56.32,100,76,5.37
195,Tabas,IR,2020-08-26 11:07:52,33.6,56.92,93.2,17,0,11.41
196,Kangaatsiaq,GL,2020-08-26 11:07:52,68.31,-53.46,43.54,81,12,5.37
197,Paita,PE,2020-08-26 11:07:52,-5.09,-81.11,58.98,89,61,12.64
198,Ixtapa,MX,2020-08-26 11:07:52,20.7,-105.2,77.0,100,100,0.45
199,Lavrentiya,RU,2020-08-26 11:07:52,65.58,-171.0,46.44,88,71,4.56
200,Roma,US,2020-08-26 11:07:53,43.21,-75.46,48.99,87,1,4.07
201,Seoul,KR,2020-08-26 11:07:01,37.57,126.98,91.4,52,75,6.93
202,College,US,2020-08-26 11:07:53,64.86,-147.8,53.6,93,75,1.19
203,Colchester,GB,2020-08-26 11:07:53,51.89,0.9,64.99,72,75,24.16
204,Gat,IL,2020-08-26 11:07:53,31.61,34.76,91.0,38,0,4.0
205,Zwedru,LR,2020-08-26 11:07:53,6.07,-8.13,84.81,57,33,3.47
206,Alofi,NU,2020-08-26 11:07:53,-19.06,-169.92,71.6,94,67,1.12
207,Inhambane,MZ,2020-08-26 11:07:53,-23.86,35.38,80.6,65,0,16.11
208,Elizabethton,US,2020-08-26 11:07:53,36.35,-82.21,66.99,100,90,1.16
209,Van,TR,2020-08-26 11:07:54,38.49,43.38,73.4,40,0,10.29
210,Evensk,RU,2020-08-26 11:07:54,61.95,159.23,45.97,66,0,7.49
211,Zhicheng,CN,2020-08-26 11:07:54,30.3,111.5,93.0,49,0,3.47
212,Sambava,MG,2020-08-26 11:07:54,-14.27,50.17,77.4,69,42,11.99
213,Ban Dung,TH,2020-08-26 11:07:54,17.7,103.26,89.6,62,75,8.05
214,Sur,OM,2020-08-26 11:07:55,22.57,59.53,91.08,56,66,4.54
215,Vostok,RU,2020-08-26 11:07:55,46.49,135.88,62.26,90,41,2.98
216,Ancud,CL,2020-08-26 11:07:55,-41.87,-73.82,48.0,100,90,3.36
217,Southern Pines,US,2020-08-26 11:07:55,35.17,-79.39,71.6,94,1,4.7
218,Banda Aceh,ID,2020-08-26 11:07:55,5.56,95.32,82.27,80,100,9.22
219,Lasa,IT,2020-08-26 11:07:55,46.62,10.7,72.0,77,40,4.7
220,Kendari,ID,2020-08-26 11:07:55,-3.94,122.5,75.7,78,78,7.72
221,Umba,RU,2020-08-26 11:07:55,66.69,34.34,55.51,75,100,10.42
222,Vardo,NO,2020-08-26 11:03:03,70.37,31.11,53.6,76,20,11.41
223,Lobito,AO,2020-08-26 11:07:56,-12.35,13.55,74.89,74,39,10.69
224,Yar-Sale,RU,2020-08-26 11:07:56,66.83,70.83,65.57,55,67,8.7
225,High Level,CA,2020-08-26 11:07:56,58.52,-117.14,53.6,93,90,3.36
226,Baykit,RU,2020-08-26 11:07:56,61.67,96.37,65.16,56,84,7.05
227,Derzhavinsk,KZ,2020-08-26 11:07:56,51.1,66.32,78.26,38,46,13.89
228,Linhares,BR,2020-08-26 11:07:56,-19.39,-40.07,66.99,62,0,5.21
229,Hilo,US,2020-08-26 11:05:00,19.73,-155.09,73.4,73,1,5.82
230,Aklavik,CA,2020-08-26 11:07:56,68.22,-135.01,46.4,87,75,3.36
231,Jibuti,DJ,2020-08-26 11:07:57,11.5,42.5,100.4,31,1,10.29
232,Portmore,JM,2020-08-26 11:07:57,17.97,-76.87,80.6,74,40,6.93
233,Bambous Virieux,MU,2020-08-26 11:07:57,-20.34,57.76,77.0,53,20,12.75
234,Taksimo,RU,2020-08-26 11:07:57,56.34,114.88,59.88,57,2,2.62
235,Vernon,CA,2020-08-26 11:07:27,50.26,-119.27,53.01,87,1,3.36
236,Gonaives,HT,2020-08-26 11:07:57,19.45,-72.68,77.13,80,0,3.18
237,Palimbang,PH,2020-08-26 11:07:57,6.21,124.19,81.05,76,100,5.86
238,Salto,UY,2020-08-26 11:07:50,-31.38,-57.97,72.0,56,100,9.17
239,Sembakung,ID,2020-08-26 11:07:57,3.82,117.25,79.16,80,16,3.29
240,Haines Junction,CA,2020-08-26 11:03:40,60.75,-137.51,44.74,82,52,2.44
241,Bulawayo,ZW,2020-08-26 11:07:58,-20.15,28.58,86.7,13,0,2.91
242,Caravelas,BR,2020-08-26 11:07:58,-17.71,-39.25,70.07,60,60,11.7
243,Tombouctou,ML,2020-08-26 11:07:58,20.0,-3.0,93.81,36,97,2.68
244,Vanino,RU,2020-08-26 11:07:58,49.09,140.25,64.38,89,24,1.77
245,Stromness,GB,2020-08-26 11:07:58,58.97,-3.3,53.6,71,40,20.8
246,Virginia Beach,US,2020-08-26 11:07:19,36.85,-75.98,79.0,74,1,10.29
247,Beni Suef,EG,2020-08-26 11:07:58,29.07,31.1,101.44,11,0,13.53
248,Esperance,AU,2020-08-26 11:07:58,-33.87,121.9,55.4,93,1,5.82
249,Camden,US,2020-08-26 11:07:59,39.78,-74.97,64.0,86,3,5.37
250,Aksarka,RU,2020-08-26 11:07:59,66.56,67.8,60.15,75,98,7.09
251,Camabatela,AO,2020-08-26 11:07:59,-8.19,15.38,83.98,45,27,4.45
252,Kahului,US,2020-08-26 11:06:27,20.89,-156.47,78.8,65,1,11.41
253,Piet Retief,ZA,2020-08-26 11:07:59,-27.01,30.81,69.84,37,0,10.96
254,Henties Bay,NA,2020-08-26 11:07:59,-22.12,14.28,61.0,80,85,5.99
255,Tame,CO,2020-08-26 11:07:59,6.46,-71.73,70.09,86,94,2.06
256,Yumen,CN,2020-08-26 11:07:59,40.28,97.2,81.84,23,1,20.13
257,Tapes,BR,2020-08-26 11:08:00,-30.67,-51.4,60.4,85,22,9.73
258,Kununurra,AU,2020-08-26 11:08:00,-15.77,128.73,89.6,15,0,10.29
259,Miraflores,MX,2020-08-26 11:08:00,19.22,-98.81,59.0,87,75,4.7
260,Nueva Gorgona,PA,2020-08-26 11:08:00,8.55,-79.87,75.0,99,100,8.68
261,Cotonou,BJ,2020-08-26 11:08:00,6.37,2.42,80.6,78,40,10.29
262,Geraldton,AU,2020-08-26 11:08:00,-28.77,114.6,59.0,82,0,8.05
263,Cascais,PT,2020-08-26 11:05:23,38.7,-9.42,81.0,54,20,17.22
264,Guanica,PR,2020-08-26 11:08:00,17.97,-66.91,80.01,90,9,7.52
265,Llanes,ES,2020-08-26 11:08:01,43.42,-4.75,79.0,84,54,8.99
266,Muli,MV,2020-08-26 11:08:01,2.92,73.57,83.79,73,93,13.31
267,Allapalli,IN,2020-08-26 11:08:01,19.42,80.07,79.41,92,100,2.44
268,Yokadouma,CM,2020-08-26 11:08:01,3.52,15.05,73.72,89,100,1.45
269,Paamiut,GL,2020-08-26 11:03:04,61.99,-49.67,42.98,63,0,2.95
270,Vapnyarka,UA,2020-08-26 11:08:02,48.53,28.74,73.99,48,6,5.59
271,Tukrah,LY,2020-08-26 11:08:02,32.53,20.58,84.79,58,1,11.07
272,Palestine,PS,2020-08-26 11:06:30,31.92,35.2,90.0,49,0,11.41
273,Padang,ID,2020-08-26 11:03:19,-0.95,100.35,81.81,74,87,2.48
274,Ararat,AM,2020-08-26 11:08:02,39.83,44.7,82.4,21,0,4.7
275,Tiarei,PF,2020-08-26 11:08:02,-17.53,-149.33,73.4,88,20,4.7
276,Nome,US,2020-08-26 11:08:02,64.5,-165.41,50.0,93,90,4.03
277,Verkh-Chebula,RU,2020-08-26 11:08:02,56.03,87.62,64.13,64,2,10.58
278,Guerrero Negro,MX,2020-08-26 11:08:02,27.98,-114.06,71.22,87,9,8.46
279,Sao Filipe,CV,2020-08-26 11:04:49,14.9,-24.5,79.14,85,70,7.76
280,Saint-Francois,FR,2020-08-26 11:08:03,46.42,3.91,75.99,49,75,9.17
281,Bayonet Point,US,2020-08-26 11:08:03,28.33,-82.68,78.01,96,100,11.72
282,Natal,BR,2020-08-26 11:06:35,-5.79,-35.21,75.2,83,20,12.75
283,Anchorage,US,2020-08-26 11:05:18,61.22,-149.9,54.0,87,90,2.19
284,Saint-Pierre,RE,2020-08-26 11:08:03,-21.34,55.48,77.0,61,90,6.93
285,East London,ZA,2020-08-26 11:08:03,-33.02,27.91,62.6,59,75,14.99
286,Tuatapere,NZ,2020-08-26 11:08:03,-46.13,167.68,45.0,72,82,11.01
287,Cockburn Town,TC,2020-08-26 11:08:03,21.46,-71.14,83.12,80,0,16.04
288,Pacific Grove,US,2020-08-26 11:08:04,36.62,-121.92,57.99,92,7,3.74
289,Umm Lajj,SA,2020-08-26 11:08:04,25.02,37.27,91.96,47,0,11.92
290,Abu Dhabi,AE,2020-08-26 11:08:04,24.47,54.37,100.4,53,20,11.41
291,Prince Rupert,CA,2020-08-26 11:08:04,54.32,-130.32,53.6,100,90,5.82
292,Teotitlan,MX,2020-08-26 11:08:04,18.13,-97.08,68.81,82,100,1.23
293,Sabzevar,IR,2020-08-26 11:08:05,36.21,57.68,83.46,15,0,8.01
294,Port Hedland,AU,2020-08-26 11:08:05,-20.32,118.57,77.0,65,0,6.93
295,Vila Franca Do Campo,PT,2020-08-26 11:04:45,37.72,-25.43,75.2,83,20,13.87
296,Paragominas,BR,2020-08-26 11:08:05,-2.97,-47.48,76.8,77,12,2.15
297,Sekoma,BW,2020-08-26 11:08:05,-24.4,23.88,88.39,12,25,17.54
298,Esmeraldas,BR,2020-08-26 11:08:05,-19.76,-44.31,57.2,58,1,9.17
299,Sharjah,AE,2020-08-26 11:08:05,25.36,55.4,104.0,37,20,12.75
300,Mount Pleasant,US,2020-08-26 11:08:05,32.79,-79.86,77.0,100,1,6.13
301,Drayton Valley,CA,2020-08-26 11:08:06,53.22,-114.99,45.99,94,97,1.28
302,Bandarbeyla,SO,2020-08-26 11:08:06,9.49,50.81,88.0,50,47,29.86
303,Havoysund,NO,2020-08-26 11:08:06,71.0,24.66,44.6,87,75,9.17
304,Qandala,SO,2020-08-26 11:08:06,11.47,49.87,93.96,44,93,5.82
305,Pochutla,MX,2020-08-26 11:05:04,15.74,-96.47,72.0,97,100,3.49
306,Medina Del Campo,ES,2020-08-26 11:08:06,41.31,-4.91,82.4,37,0,3.36
307,Ostrovnoy,RU,2020-08-26 11:08:06,68.05,39.51,59.99,48,82,6.29
308,Chimore,BO,2020-08-26 11:08:07,-16.98,-65.13,69.89,83,54,0.58
309,Dudinka,RU,2020-08-26 11:08:07,69.41,86.18,68.0,60,85,6.71
310,Awjilah,LY,2020-08-26 11:08:07,29.11,21.29,95.77,20,0,8.23
311,North Myrtle Beach,US,2020-08-26 11:08:07,33.82,-78.68,77.0,96,65,9.4
312,Bilibino,RU,2020-08-26 11:08:07,68.05,166.44,41.9,88,100,1.99
313,Ketchikan,US,2020-08-26 11:05:30,55.34,-131.65,55.4,100,90,4.7
314,Turbat,PK,2020-08-26 11:08:08,26.0,63.04,99.45,33,96,7.56
315,Grindavik,IS,2020-08-26 11:08:08,63.84,-22.43,48.2,70,75,6.93
316,Joura,IN,2020-08-26 11:08:08,26.34,77.81,91.17,59,85,9.4
317,Narsaq,GL,2020-08-26 11:08:08,60.92,-46.05,42.8,81,75,2.24
318,Alvorada,BR,2020-08-26 11:08:08,-12.48,-49.12,78.49,28,57,7.56
319,Nizhnevartovsk,RU,2020-08-26 11:08:08,60.93,76.55,60.8,77,75,6.71
320,Lima Duarte,BR,2020-08-26 11:08:08,-21.84,-43.79,60.01,93,20,2.24
321,Luderitz,NA,2020-08-26 11:08:08,-26.65,15.16,62.82,56,0,13.22
322,Kargasok,RU,2020-08-26 11:08:09,59.06,80.86,63.27,70,22,3.96
323,Dalby,AU,2020-08-26 11:08:09,-27.18,151.27,55.0,65,14,1.01
324,Kitui,KE,2020-08-26 11:08:09,-1.37,38.01,80.8,37,44,8.61
325,Kruisfontein,ZA,2020-08-26 11:08:09,-34.0,24.73,64.0,54,73,5.01
326,Meaford,CA,2020-08-26 11:06:00,44.6,-80.58,55.99,92,3,1.99
327,Vanimo,PG,2020-08-26 11:08:09,-2.67,141.3,80.87,81,1,7.87
328,Vao,NC,2020-08-26 11:08:09,-22.67,167.48,67.46,65,100,15.7
329,Messina,IT,2020-08-26 11:07:02,38.19,15.55,87.01,66,40,9.17
330,Tabou,CI,2020-08-26 11:08:10,4.42,-7.35,79.41,71,39,7.07
331,Yashan,CN,2020-08-26 11:08:10,22.2,109.94,82.22,79,51,0.96
332,Volda,NO,2020-08-26 11:04:48,62.15,6.07,59.0,62,20,5.82
333,Roald,NO,2020-08-26 11:08:10,62.58,6.13,57.2,71,20,9.17
334,Berdigestyakh,RU,2020-08-26 11:08:10,62.1,126.7,49.12,58,16,3.11
335,Tonantins,BR,2020-08-26 11:08:10,-2.87,-67.8,70.57,76,4,1.99
336,Tongliao,CN,2020-08-26 11:08:10,43.61,122.27,76.48,67,100,7.49
337,Hasaki,JP,2020-08-26 11:08:10,35.73,140.83,81.0,88,40,5.82
338,Port Hardy,CA,2020-08-26 11:08:11,50.7,-127.42,48.2,100,5,3.36
339,Belaya Gora,RU,2020-08-26 11:08:11,68.53,146.42,41.65,68,83,5.73
340,Teknaf,BD,2020-08-26 11:08:11,20.86,92.31,81.7,86,54,11.97
341,Mehamn,NO,2020-08-26 11:08:11,71.04,27.85,48.2,81,75,6.93
342,Omboue,GA,2020-08-26 11:08:11,-1.57,9.26,79.03,75,99,8.32
343,Nemuro,JP,2020-08-26 11:08:11,43.32,145.57,67.42,96,10,7.85
344,Colares,PT,2020-08-26 11:08:11,38.8,-9.45,81.0,65,20,10.29
345,Holme,DK,2020-08-26 11:08:12,56.11,10.17,66.2,77,100,4.7
346,Irbeyskoye,RU,2020-08-26 11:08:12,55.64,95.45,58.69,91,100,5.55
347,Pacifica,US,2020-08-26 11:08:12,37.61,-122.49,57.99,93,20,11.41
348,Geilo,NO,2020-08-26 11:08:12,60.53,8.21,55.0,65,9,8.01
349,Half Moon Bay,US,2020-08-26 11:08:12,37.46,-122.43,62.01,100,90,4.7
350,Kattivakkam,IN,2020-08-26 11:08:12,13.22,80.32,89.6,70,75,6.93
351,Coquimbo,CL,2020-08-26 11:05:28,-29.95,-71.34,46.4,93,0,6.93
352,Hovd,MN,2020-08-26 11:05:30,48.01,91.64,65.44,27,56,13.8
353,Oum Hadjer,TD,2020-08-26 11:08:13,13.3,19.7,86.83,57,26,3.29
354,Adrar,MR,2020-08-26 11:08:13,20.5,-10.07,93.88,34,43,5.55
355,Sunland Park,US,2020-08-26 11:08:13,31.8,-106.58,78.01,29,20,8.05
356,Mulege,MX,2020-08-26 11:08:13,26.88,-111.98,85.8,65,13,1.5
357,Agua Buena,PA,2020-08-26 11:08:13,7.82,-80.4,72.95,90,100,3.38
358,Kaeo,NZ,2020-08-26 11:08:14,-35.1,173.78,46.0,3,4,6.55
359,Mbuji-Mayi,CD,2020-08-26 11:08:14,-6.15,23.6,98.35,29,6,3.04
360,Lethem,GY,2020-08-26 11:08:15,3.38,-59.8,75.67,86,14,5.93
361,Skjervoy,NO,2020-08-26 11:08:15,70.03,20.97,46.4,93,75,4.7
362,Kalmunai,LK,2020-08-26 11:04:51,7.42,81.82,87.49,65,80,20.02
363,Srandakan,ID,2020-08-26 11:08:15,-7.94,110.25,77.36,73,96,15.46
364,Pau,FR,2020-08-26 11:03:53,43.42,-0.58,77.0,65,90,3.36
365,Pula,HR,2020-08-26 11:08:15,44.87,13.85,82.4,51,16,8.05
366,Labelle,US,2020-08-26 11:08:16,26.76,-81.44,78.01,94,20,3.36
367,Galesong,ID,2020-08-26 11:08:16,-5.32,119.37,84.2,58,20,4.7
368,Villa Bruzual,VE,2020-08-26 11:08:16,9.33,-69.12,72.0,97,99,1.52
369,Dunedin,NZ,2020-08-26 11:08:16,-45.87,170.5,44.01,83,100,5.99
370,Abony,HU,2020-08-26 11:08:16,47.19,20.0,84.0,36,72,16.11
371,Xining,CN,2020-08-26 11:08:16,36.62,101.77,74.95,30,6,3.44
372,Bosaso,SO,2020-08-26 11:08:16,11.28,49.18,95.0,56,92,11.41
373,Talnakh,RU,2020-08-26 11:08:17,69.49,88.4,68.0,60,78,6.71
374,Green Valley,US,2020-08-26 11:08:17,31.85,-110.99,84.2,35,1,10.29
375,Phalodi,IN,2020-08-26 11:08:17,27.13,72.37,93.22,50,43,18.23
376,Faya,SA,2020-08-26 11:08:17,18.39,42.45,89.6,14,20,6.93
377,Trussville,US,2020-08-26 11:08:17,33.62,-86.61,73.99,97,99,4.09
378,Seminole,US,2020-08-26 11:05:30,28.71,-81.21,79.0,88,1,4.7
379,Serenje,ZM,2020-08-26 11:08:17,-13.23,30.24,80.56,30,38,6.82
380,Luquillo,PR,2020-08-26 11:08:18,18.37,-65.72,82.4,78,20,3.36
381,Roebourne,AU,2020-08-26 11:08:18,-20.78,117.13,81.25,32,0,11.56
382,Batagay-Alyta,RU,2020-08-26 11:08:18,67.8,130.41,40.93,66,0,2.68
383,Tuktoyaktuk,CA,2020-08-26 11:08:18,69.45,-133.04,40.77,87,0,8.16
384,Kaabong,UG,2020-08-26 11:08:18,3.48,34.15,78.46,46,1,9.13
385,Jinchang,CN,2020-08-26 11:08:18,38.5,102.17,88.75,13,0,14.72
386,Faanui,PF,2020-08-26 11:08:19,-16.48,-151.75,76.5,85,30,18.05
387,Camargo,MX,2020-08-26 11:08:19,27.67,-105.17,66.87,67,0,2.1
388,Codrington,AU,2020-08-26 11:08:19,-38.27,141.97,45.7,89,79,7.49
389,Lorengau,PG,2020-08-26 11:08:19,-2.02,147.27,81.28,82,63,9.53
390,Uruzgan,AF,2020-08-26 11:08:19,32.83,66.0,91.4,19,0,15.43
391,Makakilo City,US,2020-08-26 11:08:19,21.35,-158.09,80.6,69,1,10.49
392,Havelock,US,2020-08-26 11:08:20,34.88,-76.9,77.0,94,70,4.0
393,Matay,EG,2020-08-26 11:08:20,28.42,30.78,101.17,14,0,15.05
394,Humaita,BR,2020-08-26 11:08:20,-7.51,-63.02,75.54,60,22,2.35
395,Kaspiyskiy,RU,2020-08-26 11:08:20,45.39,47.37,77.52,51,0,19.51
396,Tadine,NC,2020-08-26 11:08:20,-21.55,167.88,66.94,71,55,14.23
397,Kamuli,UG,2020-08-26 11:08:20,0.95,33.12,79.36,72,13,1.16
398,Novoselitskoye,RU,2020-08-26 11:08:20,44.75,43.44,80.6,34,0,4.47
399,Leirvik,NO,2020-08-26 11:08:21,59.78,5.5,64.0,63,98,6.93
400,Trincomalee,LK,2020-08-26 11:08:21,8.57,81.23,85.55,71,96,13.56
401,Aginskoye,RU,2020-08-26 11:08:21,51.1,114.53,58.78,77,49,7.56
402,Magan,ES,2020-08-26 11:08:21,39.97,-3.93,87.01,20,0,5.08
403,Paracuru,BR,2020-08-26 11:08:21,-3.41,-39.03,80.01,70,80,21.99
404,Iqaluit,CA,2020-08-26 11:08:21,63.75,-68.51,39.2,100,90,4.7
405,Kloulklubed,PW,2020-08-26 11:08:22,7.04,134.26,82.4,74,75,4.7
406,Meshchovsk,RU,2020-08-26 11:08:22,54.32,35.28,65.1,75,77,14.76
407,Muzhi,RU,2020-08-26 11:08:22,65.37,64.67,63.5,71,76,8.46
408,Luganville,VU,2020-08-26 11:08:22,-15.53,167.17,78.13,84,100,9.82
409,Vestmannaeyjar,IS,2020-08-26 11:08:22,63.44,-20.27,48.2,81,20,10.29
410,Pokrovskoye,RU,2020-08-26 11:07:14,47.42,38.9,86.16,18,31,5.06
411,Mersing,MY,2020-08-26 11:08:22,2.43,103.84,80.6,83,68,9.17
412,Huron,US,2020-08-26 11:08:23,41.15,-82.55,69.01,78,11,5.26
413,Old Shinyanga,TZ,2020-08-26 11:08:23,-3.55,33.4,90.0,23,5,9.46
414,Saldanha,ZA,2020-08-26 11:08:23,-33.01,17.94,64.4,52,0,8.05
415,Ulladulla,AU,2020-08-26 11:08:23,-35.35,150.47,44.6,87,5,5.82
416,Zhigansk,RU,2020-08-26 11:08:23,66.77,123.37,48.06,52,0,3.24
417,Salym,RU,2020-08-26 11:08:23,60.06,71.48,65.16,57,97,5.3
418,Dublin,US,2020-08-26 11:06:44,37.7,-121.94,63.0,82,1,4.7
419,Santa Rosa,PH,2020-08-26 11:08:24,14.31,121.11,88.0,74,99,14.99
420,Tarakan,ID,2020-08-26 11:08:24,3.3,117.63,83.97,71,13,10.76
421,Port Blair,IN,2020-08-26 11:08:24,11.67,92.75,84.47,73,92,11.54
422,Topeka,US,2020-08-26 11:08:25,39.05,-95.68,71.01,83,1,6.42
423,Bodden Town,KY,2020-08-26 11:08:25,19.28,-81.25,80.01,84,49,8.01
424,Port-Gentil,GA,2020-08-26 11:08:25,-0.72,8.78,77.0,94,90,12.06
425,Rocha,UY,2020-08-26 11:05:26,-34.48,-54.33,58.57,93,100,5.66
426,Jalu,LY,2020-08-26 11:08:25,29.03,21.55,96.19,20,0,8.48
427,Sibundoy,CO,2020-08-26 11:08:25,1.2,-76.92,51.94,86,100,0.87
428,San Andres,CO,2020-08-26 11:08:25,12.58,-81.7,80.6,88,75,5.82
429,Pangody,RU,2020-08-26 11:08:26,65.85,74.49,64.71,52,0,2.37
430,Tigil,RU,2020-08-26 11:08:26,57.8,158.67,51.13,58,100,12.06
431,Grand-Santi,GF,2020-08-26 11:08:26,4.25,-54.38,75.7,85,25,1.48
432,Mednogorsk,RU,2020-08-26 11:08:26,51.41,57.59,80.74,38,42,13.56
433,Skelmersdale,GB,2020-08-26 11:08:26,53.55,-2.77,61.0,95,97,7.0
434,Oranjemund,NA,2020-08-26 11:08:27,-28.55,16.43,60.6,63,0,11.52
435,Husavik,IS,2020-08-26 11:08:27,66.04,-17.34,44.6,93,75,5.82
436,Lewisville,US,2020-08-26 11:08:27,33.05,-96.99,80.01,74,1,4.7
437,Bilma,NE,2020-08-26 11:08:27,18.69,12.92,93.63,36,64,11.07
438,Liaoyang,CN,2020-08-26 11:08:27,41.27,123.17,75.2,100,100,2.24
439,Beringovskiy,RU,2020-08-26 11:08:27,63.05,179.32,48.88,84,77,8.34
440,Maceio,BR,2020-08-26 11:08:28,-9.67,-35.74,71.6,88,40,2.24
441,Fort Nelson,CA,2020-08-26 11:08:28,58.81,-122.7,53.6,87,75,5.82
442,Syava,RU,2020-08-26 11:08:28,58.01,46.32,71.65,62,85,11.03
443,Chumikan,RU,2020-08-26 11:08:28,54.72,135.31,53.58,95,100,15.82
444,Severobaykalsk,RU,2020-08-26 11:08:28,55.65,109.32,58.59,66,8,1.07
445,Shieli,KZ,2020-08-26 11:08:28,44.17,66.75,66.69,66,97,16.08
446,Prieska,ZA,2020-08-26 11:08:29,-29.66,22.75,74.25,19,0,5.5
447,Sao Joao Da Barra,BR,2020-08-26 11:05:03,-21.64,-41.05,66.2,72,75,5.82
448,Cherskiy,RU,2020-08-26 11:08:29,68.75,161.3,39.47,93,97,3.87
449,Luwuk,ID,2020-08-26 11:08:29,-0.95,122.79,77.36,80,86,8.25
450,Tessalit,ML,2020-08-26 11:08:29,20.2,1.01,95.31,35,0,10.76
451,Okha,RU,2020-08-26 11:08:29,53.57,142.95,55.53,85,89,11.18
452,Merauke,ID,2020-08-26 11:08:29,-8.47,140.33,78.48,80,99,18.19
453,Senador Pompeu,BR,2020-08-26 11:08:29,-5.59,-39.37,79.59,63,5,3.74
454,Laguna,US,2020-08-26 11:08:30,38.42,-121.42,69.01,63,1,5.82
455,Havre-Saint-Pierre,CA,2020-08-26 11:04:00,50.23,-63.6,51.8,93,20,9.17
456,Tazovskiy,RU,2020-08-26 11:08:30,67.47,78.7,57.72,75,24,7.52
457,Basoko,CD,2020-08-26 11:08:30,1.24,23.62,82.89,71,89,4.12
458,Galle,LK,2020-08-26 11:08:30,6.04,80.22,83.44,75,87,8.93
459,Altoona,US,2020-08-26 11:08:30,40.52,-78.39,64.0,83,0,3.47
460,Sampit,ID,2020-08-26 11:08:31,-2.53,112.95,78.62,72,23,6.69
461,Mims,US,2020-08-26 11:08:31,28.67,-80.84,82.0,88,1,4.23
462,Gerede,TR,2020-08-26 11:08:31,40.8,32.2,76.98,38,0,10.54
463,Loukhi,RU,2020-08-26 11:08:31,66.08,33.04,51.57,86,100,4.29
464,Camacha,PT,2020-08-26 11:08:31,33.08,-16.33,78.8,65,20,12.75
465,Axim,GH,2020-08-26 11:08:31,4.87,-2.24,78.89,73,95,5.7
466,Cap Malheureux,MU,2020-08-26 11:08:31,-19.98,57.61,77.0,62,46,11.01
467,Cherepanovo,RU,2020-08-26 11:08:31,54.22,83.38,55.33,92,100,10.74
468,Isangel,VU,2020-08-26 11:08:32,-19.55,169.27,70.83,85,98,16.69
469,Takoradi,GH,2020-08-26 11:08:32,4.88,-1.76,77.81,77,97,6.73
470,Nantucket,US,2020-08-26 11:08:32,41.28,-70.1,66.2,55,1,18.34
471,Saint-Michel-Des-Saints,CA,2020-08-26 11:08:32,46.68,-73.92,39.7,87,0,8.12
472,Acandi,CO,2020-08-26 11:08:32,8.51,-77.28,74.05,87,55,1.83
473,Tura,IN,2020-08-26 11:08:32,25.52,90.22,84.83,76,88,4.79
474,Zacualpan,MX,2020-08-26 11:08:32,21.25,-105.17,77.0,100,100,1.92
475,Asau,RO,2020-08-26 11:08:32,46.43,26.4,78.01,60,44,3.18
476,Dubbo,AU,2020-08-26 11:08:33,-32.25,148.62,46.4,81,0,10.29
477,Moron,AR,2020-08-26 11:08:33,-34.65,-58.62,63.0,99,100,4.0
478,Tongzi,CN,2020-08-26 11:08:33,28.78,105.09,82.35,66,0,5.32
479,Kosh-Agach,RU,2020-08-26 11:08:33,50.0,88.67,53.15,43,3,5.82
480,Epernay,FR,2020-08-26 11:08:33,49.05,3.95,71.6,52,75,18.34
481,Kyaikkami,MM,2020-08-26 11:08:33,16.08,97.57,82.24,77,71,8.7
482,Nouadhibou,MR,2020-08-26 11:05:21,20.93,-17.03,78.8,78,75,5.82
483,Cozumel,MX,2020-08-26 11:08:33,20.51,-86.95,82.0,100,75,5.82
484,Port Macquarie,AU,2020-08-26 11:03:49,-31.43,152.92,46.0,92,1,2.06
485,Rio Grande,BR,2020-08-26 11:05:42,-32.03,-52.1,60.01,92,100,1.01
486,Constitucion,CL,2020-08-26 11:08:34,-35.33,-72.42,50.54,86,95,15.84
487,Pimentel,PE,2020-08-26 11:08:34,-6.84,-79.93,59.68,89,90,10.94
488,Akdepe,TM,2020-08-26 11:08:34,42.06,59.38,84.2,23,0,13.87
489,Xuddur,SO,2020-08-26 11:08:34,4.12,43.89,91.08,33,15,20.2
490,Aswan,EG,2020-08-26 11:08:34,24.09,32.91,108.1,10,0,14.16
491,Varhaug,NO,2020-08-26 11:08:35,58.61,5.65,64.4,52,100,6.93
492,Moyale,KE,2020-08-26 11:08:35,3.52,39.06,75.7,56,98,13.73
493,Dauriya,RU,2020-08-26 11:08:35,49.93,116.87,63.09,64,88,6.4
494,Umm Kaddadah,SD,2020-08-26 11:08:35,13.6,26.69,92.35,38,3,7.11
495,Bonthe,SL,2020-08-26 11:08:36,7.53,-12.51,76.69,87,100,9.98
496,Klaksvik,FO,2020-08-26 11:08:36,62.23,-6.59,48.2,76,62,10.29
497,Mariahu,IN,2020-08-26 11:08:36,25.62,82.62,86.0,79,75,3.36
498,Quatre Cocos,MU,2020-08-26 11:08:36,-20.21,57.76,77.0,53,20,12.75
499,Ruteng,ID,2020-08-26 11:08:36,-8.61,120.47,60.04,94,0,3.2
500,Bonavista,CA,2020-08-26 11:08:37,48.65,-53.11,61.0,85,100,8.01
501,Joshimath,IN,2020-08-26 11:08:37,30.57,79.57,73.72,57,84,4.59
502,Thompson,CA,2020-08-26 11:08:37,55.74,-97.86,50.0,100,90,3.36
503,Hearst,CA,2020-08-26 11:08:37,49.68,-83.67,42.17,90,97,3.06
504,Naze,JP,2020-08-26 11:08:37,28.37,129.48,84.2,83,75,25.28
505,Berlevag,NO,2020-08-26 11:08:37,70.86,29.09,50.0,87,75,4.7
506,Taoudenni,ML,2020-08-26 11:08:38,22.68,-3.98,105.66,21,9,1.19
507,Manyana,BW,2020-08-26 11:08:38,-23.4,21.72,83.52,14,18,7.0
508,Russell,US,2020-08-26 11:08:38,32.35,-85.2,77.0,94,20,4.25
509,Kidal,ML,2020-08-26 11:08:38,18.44,1.41,91.11,43,36,9.84
510,Amapa,BR,2020-08-26 11:08:38,1.0,-52.0,74.98,81,3,1.25
511,Bardiyah,LY,2020-08-26 11:08:38,31.76,25.09,85.59,55,1,19.3
512,Winnemucca,US,2020-08-26 11:08:39,40.97,-117.74,62.6,51,1,2.91
513,Agirish,RU,2020-08-26 11:08:39,61.92,63.02,62.76,81,100,6.04
514,Kieta,PG,2020-08-26 11:08:39,-6.22,155.63,79.36,80,4,6.67
515,Santa Ines,BR,2020-08-26 11:08:39,-3.67,-45.38,76.84,77,1,3.09
516,Salalah,OM,2020-08-26 11:08:39,17.02,54.09,78.8,88,90,11.41
517,Celldomolk,HU,2020-08-26 11:08:39,47.26,17.15,82.0,53,75,11.41
518,Martinopolis,BR,2020-08-26 11:08:39,-22.15,-51.17,53.6,81,0,13.87
519,Inirida,CO,2020-08-26 11:08:40,3.87,-67.92,72.72,95,95,1.03
520,Bantou,CN,2020-08-26 11:08:40,26.22,117.49,80.11,81,71,1.14
521,Do Gonbadan,IR,2020-08-26 11:08:40,30.36,50.8,102.2,20,0,6.93
522,Yulara,AU,2020-08-26 11:05:59,-25.24,130.99,82.4,14,3,5.82
523,Svetlaya,RU,2020-08-26 11:08:40,46.54,138.33,68.67,80,3,6.89
524,Sandwick,GB,2020-08-26 11:08:40,60.0,-1.25,53.6,76,40,10.29
525,Carutapera,BR,2020-08-26 11:08:40,-1.2,-46.02,80.64,74,0,4.47
526,Taua,BR,2020-08-26 11:08:40,-5.97,-40.3,75.61,64,57,10.45
527,Houlton,US,2020-08-26 11:08:41,46.13,-67.84,51.8,71,1,11.41
528,Sotouboua,TG,2020-08-26 11:08:41,8.57,0.98,83.25,70,97,1.86
529,Payo,ID,2020-08-26 11:08:41,-3.75,103.64,77.95,87,71,3.06
530,Shahe,CN,2020-08-26 11:08:41,39.27,113.55,65.28,71,77,2.86
531,Khorixas,NA,2020-08-26 11:08:41,-20.37,14.97,83.46,15,0,9.6
532,Waitati,NZ,2020-08-26 11:08:42,-45.75,170.57,44.01,85,100,13.0
533,Hanko,FI,2020-08-26 11:08:42,59.83,22.95,66.99,41,5,5.99
534,Muroto,JP,2020-08-26 11:08:42,33.28,134.15,84.2,79,40,11.41
535,Gornopravdinsk,RU,2020-08-26 11:08:42,60.05,69.9,66.29,54,100,5.77
536,Humboldt,US,2020-08-26 11:08:42,40.67,-123.92,55.0,100,90,3.36
537,Altay,CN,2020-08-26 11:08:42,47.87,88.12,67.53,32,31,8.79
538,Semirom,IR,2020-08-26 11:08:42,31.42,51.57,79.7,16,1,5.7
539,Tourlaville,FR,2020-08-26 11:08:42,49.64,-1.57,64.4,77,75,13.87
540,Chicama,PE,2020-08-26 11:08:43,-7.84,-79.15,57.96,87,73,3.13
541,Dabat,ET,2020-08-26 11:08:43,12.98,37.77,64.45,78,25,4.81
542,Mutoko,ZW,2020-08-26 11:08:43,-17.4,32.23,89.8,17,34,1.74
543,Phalaborwa,ZA,2020-08-26 11:08:43,-23.94,31.14,95.41,10,0,3.87
544,Wanning,CN,2020-08-26 11:08:44,18.8,110.4,80.67,88,96,3.6
545,Santarem,BR,2020-08-26 11:08:44,-2.44,-54.71,73.4,94,0,2.93
546,Kailua,US,2020-08-26 11:08:44,21.4,-157.74,78.8,74,40,9.17
547,Jijiga,ET,2020-08-26 11:08:44,9.35,42.8,77.65,50,78,11.36
548,Draguignan,FR,2020-08-26 11:08:44,43.53,6.47,95.0,23,47,16.11
549,Bereda,ES,2020-08-26 11:08:44,43.27,-7.54,89.01,69,35,3.0
550,Jiayuguan,CN,2020-08-26 11:08:45,39.82,98.3,85.21,18,0,17.58
551,Indianola,US,2020-08-26 11:07:56,41.36,-93.56,73.0,80,0,8.16
552,Namie,JP,2020-08-26 11:08:45,37.48,141.0,77.0,89,1,5.5
553,San Roque,ES,2020-08-26 11:08:45,36.21,-5.38,77.0,83,75,6.93
554,Puerto Carreno,CO,2020-08-26 11:08:45,6.19,-67.49,73.78,94,100,3.78
555,Northam,GB,2020-08-26 11:08:46,51.03,-4.22,66.0,84,74,7.0
556,Aloleng,PH,2020-08-26 11:08:46,16.13,119.78,83.62,79,98,10.45
557,Puerto Quijarro,BO,2020-08-26 11:08:46,-17.78,-57.77,77.04,40,2,0.65
558,Hit,IQ,2020-08-26 11:08:46,33.64,42.83,106.79,7,0,15.52
